{
  "app": {
    "name": "بوابة عملاء الألبان",
    "name_en": "Milk Customer Portal",
    "version": "1.0.0",
    "build": "1",
    "description": "تطبيق إدارة عملاء الألبان والجولات اليومية",
    "description_en": "Milk customer management and daily rounds tracking app",
    "author": "Milk Portal Team",
    "website": "https://milkportal.com",
    "support_email": "support@milkportal.com",
    "privacy_policy": "https://milkportal.com/privacy",
    "terms_of_service": "https://milkportal.com/terms"
  },
  "features": [
    "إدارة العملاء وأسعارهم",
    "تتبع الجولات اليومية الصباحية والمسائية",
    "حساب المجاميع والتقارير المالية",
    "أرشفة البيانات الأسبوعية",
    "واجهة عربية سهلة الاستخدام",
    "عمل بدون إنترنت",
    "حفظ تلقائي للبيانات"
  ],
  "permissions": [
    {
      "name": "WRITE_EXTERNAL_STORAGE",
      "description": "لحفظ البيانات والتقارير"
    },
    {
      "name": "READ_EXTERNAL_STORAGE",
      "description": "لقراءة البيانات المحفوظة"
    },
    {
      "name": "VIBRATE",
      "description": "للاهتزاز عند التفاعل مع التطبيق"
    }
  ],
  "categories": ["Business", "Productivity", "Finance"],
  "keywords": ["لبن", "عملاء", "إدارة", "محاسبة", "جولات", "تقارير", "milk", "customers", "management", "accounting"]
}
